code,kind,source_system,source_ref,grade,observed_at,summary,sha256
EV-106,SESSION,VPN gateway,S-5591,B1,2026-09-21T21:47:10+05:30,"VPN session S-5591 by EMP-0417 from device LAP-221 (Pune), 21 Sep 21:47–21:58",c8b0cea6ea1ccbadef0a1ca1b5d5be1a984250f9447652ca9fe362f7a98804fa
EV-110,ACCESS,CBS app audit,AE-0000418,B1,2026-09-21T21:49:05+05:30,"EMP-0417 acct view on A-5520 (inoperative, balance ₹3.90 L) — fields: balance, registered_mobile, nominee",c63eb8ceaee64a2ebf6254f07e144262c4511fbb403093cf9562de0c49b1377e
EV-112,STATE_CHANGE,CBS,SC-000001,A1,2026-09-21T21:52:07+05:30,Registered mobile changed +91 ••••• 7773 → +91 ••••• 5399 on A-5520 by EMP-0417 with an override — no OTP to the old number,a54ac8c99b71f89ffc8154c22cbcce60846ef4b242ef69a9f4dd2f85b0aa034c
EV-113,ACCESS,CBS app audit,AE-0000419,B1,2026-09-21T21:52:07+05:30,"EMP-0417 mobile update on A-5520 (inoperative, balance ₹3.90 L) — fields: registered_mobile · override flag set",14d18b5211dd2c2d016c92ede02ce049868a775111fdb6fc3945eeb0aad093de
EV-115,STATE_CHANGE,CBS,SC-000002,A1,2026-09-21T21:55:30+05:30,Per-transaction limit changed ₹1 L → ₹5 L on A-5520 by EMP-0417 with an override — no OTP to the old number,997681bb1b504c0aa81ec69ed3a18e023f7e1b636f20b3f2f0f4fb9db4232a89
EV-116,ACCESS,CBS app audit,AE-0000420,B1,2026-09-21T21:55:30+05:30,"EMP-0417 limit change on A-5520 (inoperative, balance ₹3.90 L) — fields: txn_limit · override flag set",b507f3d53f3e2f32ba295da16385e8a108186426352db4530e9558df429b05e4
EV-118,STATE_CHANGE,Digital channel,SC-000003,A1,2026-09-21T22:06:40+05:30,Net-banking password reset on A-5520 by C-88213 via OTP sent to the new number,01563585cd82921d734eaf5e4c0cb91f3ca58c46115633fa42d5441cd92b0f78
EV-103,ENTITLEMENT,IAM,ENT-00243,A1,2026-09-12T11:05:00+05:30,MOBILE_UPDATE_OVERRIDE granted to EMP-0417 on 12 Sep 11:05 via REQ-3391 (“Pension camp — bulk mobile updates for senior citizens”); intended expiry 14 Sep 23:59; never revoked,92b7721b79f79fc2eae2343c4872128282a64b14d01e76f8f1ba8e8b0ec8da5b
EV-104,HR_RECORD,HRMS,EMP-0417,A1,2026-09-12T11:05:00+05:30,EMP-0417: 4 years' tenure; 0 prior alerts or cases,3b8f148438dca2e9ff36f77ab6fe4c1b45a48ec1948e0c616dab0cea799c7603
EV-105,ROSTER,HRMS,EMP-0417:2026-09-21,A1,2026-09-21T21:47:10+05:30,Roster for EMP-0417: No rostered shift covers this time (last shift ended 21 Sep 18:30),d4006610daf2401af277db8929e368dfc1d7e6a32dd9108a93b26bcfcc52e46d
EV-107,ASSET,IT asset register,LAP-221,B1,2026-09-21T21:47:10+05:30,Session device LAP-221 is the employee's own issued device,793d4e2001b74806b0ed2a7996cbeab773dc73f82d8dc9c8b28fe7007b331aca
EV-119,BENEFICIARY,Digital channel,BN-009504,A1,2026-09-21T22:12:05+05:30,"Payee A-7731 (Arjun Sathe, Kestrel UCB) added to A-5520 at 21 Sep 22:12:05",32cb1fd06da62194272b6efd6528e5adc6d091076f432e5c7d38019c8e276804
EV-120,BENEFICIARY,Digital channel,BN-009505,A1,2026-09-21T22:13:22+05:30,"Payee A-7768 (Vishal Bapat, Kestrel UCB) added to A-5520 at 21 Sep 22:13:22",26b1d5b71975eb6edc38ac7c15037735acf5f1ab843843313eb83d0efbd02a59
EV-121,BENEFICIARY,Digital channel,BN-009506,A1,2026-09-21T22:14:39+05:30,"Payee X-8120 (Deepak Traders, Meridian Bank) added to A-5520 at 21 Sep 22:14:39",37ac2ad6459a6fc4d0c242f379f7296751f7c1d551b4ee8f4a9422daa8d79b63
EV-122,TXN,Payments switch,TX-0000564,A1,2026-09-21T22:34:02+05:30,₹4.90 L IMPS A-5520 → A-7731 (Arjun Sathe) at 21 Sep 22:34:02,c4751c05f0f4d24dc316d52307424af30ae1de5728c565b80ed3a5a187c33fa3
EV-123,TXN,Payments switch,TX-0000565,A1,2026-09-21T22:36:18+05:30,₹4.90 L IMPS A-5520 → A-7768 (Vishal Bapat) at 21 Sep 22:36:18,38a744d63c5cb3c36df3d28eb327728d5e85f4a455e9e8fead241c9e5abb94eb
EV-124,TXN,Payments switch,TX-0000566,A1,2026-09-21T22:39:45+05:30,₹4.90 L IMPS A-5520 → X-8120 (Deepak Traders) at 21 Sep 22:39:45,f7a39baca3e60020cc0836c188d17a2dcaa3fed082c39e17aa537b4082fc41e3
EV-125,TXN,Payments switch,TX-0000567,A1,2026-09-21T22:58:10+05:30,₹4.69 L IMPS A-7731 → A-6604 (RK Traders) at 21 Sep 22:58:10,997c585c7d652054a90fee20c085cab98e2d7156cb0a6f5b3f030f9a8eec4887
EV-126,TXN,Payments switch,TX-0000569,A1,2026-09-21T23:14:30+05:30,₹4.71 L IMPS A-7768 → A-6604 (RK Traders) at 21 Sep 23:14:30,d72ec33d7d6f74de8cfa69a9351cbc07cbecde90b6aaf8e05aa80e85c020de26
EV-127,TXN,Payments switch,TX-0000571,A2,2026-09-21T23:40:02+05:30,₹5 L RTGS A-6604 → X-9901 (Shree Bullion House) at 21 Sep 23:40:02,dce896dc09065431d9b172d0dd41da053cdd2989b0f43ca39b49df29d0e7838c
EV-128,TXN,Payments switch,TX-0000572,A1,2026-09-21T23:58:02+05:30,₹2.10 L IMPS A-6604 → A-7731 (Arjun Sathe) at 21 Sep 23:58:02,888937e30dcafe20edbfbc7243294f32805f2ccdf533f865cd54d8517dbfbef9
EV-111,ALIBI,SUTRA Alibi,AE-0000418,C2,2026-09-21T21:49:05+05:30,Alibi unexplained: 0 of 5 reasons found. No ticket for this customer in the 72 h before; Customer is not in this employee's portfolio; No queue item assigned for this account,cee4bdf75d9e0b55bd309cdac95fb909769972455b3c72adbde92a04c90bf6d2
EV-114,ALIBI,SUTRA Alibi,AE-0000419,C2,2026-09-21T21:52:07+05:30,Alibi unexplained: 0 of 5 reasons found. No ticket for this customer in the 72 h before; Customer is not in this employee's portfolio; No queue item assigned for this account,669e4a8e04168a2571783208a5d0f6299a3e837a8ffbf5c07ca309d2e82bf589
EV-117,ALIBI,SUTRA Alibi,AE-0000420,C2,2026-09-21T21:55:30+05:30,Alibi unexplained: 0 of 5 reasons found. No ticket for this customer in the 72 h before; Customer is not in this employee's portfolio; No queue item assigned for this account,58bf4ffa30a547c04f8d825150556a58a04b44771c824c84540c1a69096bc7ee
